name	url	scorelink
D779walzer14.mscz	https://www.musicalion.com/en/scores/common/file/view/mfid/5/compositionid/19393/m19393_5.xml	https://www.musicalion.com/en/scores/sheet-music/91/franz-peter-schubert/19393/14th-valse-sentimentale
D779walzer18.mscz	https://www.musicalion.com/en/scores/common/file/view/mfid/4/compositionid/19859/m19859_4.xml	https://www.musicalion.com/en/scores/sheet-music/91/franz-peter-schubert/19859/18-valse-sentimentale
D779walzer19.mscz	https://www.musicalion.com/en/scores/common/file/view/mfid/3/compositionid/19860/m19860_3.xml	https://www.musicalion.com/en/scores/sheet-music/91/franz-peter-schubert/19860/19-valse-sentimentale
D779walzer15.mscz	https://www.musicalion.com/en/scores/common/file/view/mfid/4/compositionid/19394/m19394_4.xml	https://www.musicalion.com/en/scores/sheet-music/91/franz-peter-schubert/19394/15-valse-sentimentale
D779walzer16.mscz	https://www.musicalion.com/en/scores/common/file/view/mfid/5/compositionid/19395/m19395_5.xml	https://www.musicalion.com/en/scores/sheet-music/91/franz-peter-schubert/19395/16-valse-sentimentale
D779walzer02.mscz	https://www.musicalion.com/en/scores/common/file/view/mfid/3/compositionid/19326/m19326_3.xml	https://www.musicalion.com/en/scores/sheet-music/91/franz-peter-schubert/19326/2-valse-sentimentale
D779walzer01.mscz	https://www.musicalion.com/en/scores/common/file/view/mfid/4/compositionid/19325/m19325_4.xml	https://www.musicalion.com/en/scores/sheet-music/91/franz-peter-schubert/19325/1-valse-sentimentale
D779walzer05.mscz	https://www.musicalion.com/en/scores/common/file/view/mfid/3/compositionid/19331/m19331_3.xml	https://www.musicalion.com/en/scores/sheet-music/91/franz-peter-schubert/19331/5-valse-sentimentale
D779walzer04.mscz	https://www.musicalion.com/en/scores/common/file/view/mfid/4/compositionid/19329/m19329_4.xml	https://www.musicalion.com/en/scores/sheet-music/91/franz-peter-schubert/19329/4-valse-sentimentale
D779walzer13.mscz	https://www.musicalion.com/en/scores/common/file/view/mfid/5/compositionid/19376/m19376_5.xml	https://www.musicalion.com/en/scores/sheet-music/91/franz-peter-schubert/19376/13-valse-sentimentale
D779walzer12.mscz	https://www.musicalion.com/en/scores/common/file/view/mfid/5/compositionid/19375/m19375_5.xml	https://www.musicalion.com/en/scores/sheet-music/91/franz-peter-schubert/19375/12-valse-sentimentale
D779walzer03.mscz	https://www.musicalion.com/en/scores/common/file/view/mfid/4/compositionid/19328/m19328_4.xml	https://www.musicalion.com/en/scores/sheet-music/91/franz-peter-schubert/19328/3-valse-sentimentale
D779walzer11.mscz	https://www.musicalion.com/en/scores/common/file/view/mfid/5/compositionid/19374/m19374_5.xml	https://www.musicalion.com/en/scores/sheet-music/91/franz-peter-schubert/19374/11-valse-sentimentale
D779walzer17.mscz	https://www.musicalion.com/en/scores/common/file/view/mfid/4/compositionid/19858/m19858_4.xml	https://www.musicalion.com/en/scores/sheet-music/91/franz-peter-schubert/19858/17-valse-sentimentale
D779walzer10.mscz	https://www.musicalion.com/en/scores/common/file/view/mfid/5/compositionid/19364/m19364_5.xml	https://www.musicalion.com/en/scores/sheet-music/91/franz-peter-schubert/19364/10-valse-sentimentale
D779walzer07.mscz	https://www.musicalion.com/en/scores/common/file/view/mfid/5/compositionid/19345/m19345_5.xml	https://www.musicalion.com/en/scores/sheet-music/91/franz-peter-schubert/19345/valse-sentimentale-7
D779walzer09.mscz	https://www.musicalion.com/en/scores/common/file/view/mfid/5/compositionid/19363/m19363_5.xml	https://www.musicalion.com/en/scores/sheet-music/91/franz-peter-schubert/19363/9-valse-sentimentale
D779walzer08.mscz	https://www.musicalion.com/en/scores/common/file/view/mfid/4/compositionid/19346/m19346_4.xml	https://www.musicalion.com/en/scores/sheet-music/91/franz-peter-schubert/19346/8-valse-sentimentale
D779walzer06.mscz	https://www.musicalion.com/en/scores/common/file/view/mfid/5/compositionid/19344/m19344_5.xml	https://www.musicalion.com/en/scores/sheet-music/91/franz-peter-schubert/19344/valse-sentimentale-6
